{"cameraMode":{"drawMode":0,"name":"Shaded","section":"Shading Mode"},"sceneLighting":false,"audioPlay":false,"sceneViewState":{"showFog":false,"showMaterialUpdate":false,"showSkybox":false,"showFlares":true,"showImageEffects":true,"showParticleSystems":true,"showVisualEffectGraphs":true,"m_FxEnabled":true},"in2DMode":false,"pivot":{"x":-0.07771611958742142,"y":-0.40969276428222659,"z":0.575300931930542},"rotation":{"x":0.36931249499320986,"y":0.016727793961763383,"z":-0.006613133475184441,"w":0.9291897416114807},"size":2.312403678894043,"orthographic":false}