{"cameraMode":{"drawMode":0,"name":"Shaded","section":"Shading Mode"},"sceneLighting":false,"audioPlay":false,"sceneViewState":{"showFog":false,"showMaterialUpdate":false,"showSkybox":false,"showFlares":true,"showImageEffects":true,"showParticleSystems":true,"showVisualEffectGraphs":true,"m_FxEnabled":true},"in2DMode":false,"pivot":{"x":0.3494880497455597,"y":0.29921209812164309,"z":0.1041094958782196},"rotation":{"x":0.15085864067077638,"y":-0.15356029570102693,"z":0.023765649646520616,"w":0.9763196110725403},"size":0.5744563937187195,"orthographic":false}