{"cameraMode":{"drawMode":0,"name":"Shaded","section":"Shading Mode"},"sceneLighting":false,"audioPlay":false,"sceneViewState":{"showFog":false,"showMaterialUpdate":false,"showSkybox":false,"showFlares":true,"showImageEffects":true,"showParticleSystems":true},"in2DMode":false,"pivot":{"x":-0.30000001192092898,"y":0.30000001192092898,"z":-3.725290298461914e-8},"rotation":{"x":-0.015080218203365803,"y":0.90069180727005,"z":-0.031366027891635898,"w":-0.43308424949645998},"size":1.8957058191299439,"orthographic":false}