{"cameraMode":{"drawMode":0,"name":"Shaded","section":"Shading Mode"},"sceneLighting":true,"audioPlay":false,"sceneViewState":{"showFog":false,"showMaterialUpdate":false,"showSkybox":true,"showFlares":true,"showImageEffects":true,"showParticleSystems":true},"in2DMode":false,"pivot":{"x":-3.5581207275390627,"y":19.99744415283203,"z":-3.5426406860351564},"rotation":{"x":0.1597232222557068,"y":-0.4175049662590027,"z":0.07485149055719376,"w":0.8914461731910706},"size":32.32504653930664,"orthographic":false}