{"cameraMode":{"drawMode":0,"name":"Shaded","section":"Shading Mode"},"sceneLighting":false,"audioPlay":false,"sceneViewState":{"showFog":false,"showMaterialUpdate":false,"showSkybox":false,"showFlares":true,"showImageEffects":true,"showParticleSystems":true},"in2DMode":false,"pivot":{"x":0.6071661710739136,"y":-0.6911702156066895,"z":2.010612964630127},"rotation":{"x":-0.2285611480474472,"y":-0.35183995962142947,"z":0.08901780843734741,"w":-0.9033649563789368},"size":5.9425506591796879,"orthographic":false}