{"cameraMode":{"drawMode":0,"name":"Shaded","section":"Shading Mode"},"sceneLighting":false,"audioPlay":false,"sceneViewState":{"showFog":false,"showMaterialUpdate":false,"showSkybox":false,"showFlares":true,"showImageEffects":true,"showParticleSystems":true},"in2DMode":false,"pivot":{"x":-0.4253935217857361,"y":0.3241787552833557,"z":-0.28575024008750918},"rotation":{"x":-0.22313466668128968,"y":-0.3225630521774292,"z":0.07852670550346375,"w":-0.916527271270752},"size":1.675583004951477,"orthographic":false}